feb_Leads_2024,mar_Leads_2024,abr_Leads_24,may_Leads_24,jun_Leads_24,jul_Leads_24,ago_Leads_24,sep_Leads_24,oct_Leads_24,nov_Leads_24,dic_Leads_24,ene_Leads_25,feb_Leads_25,mar_Leads_25,abr_Leads_25,Total ,Total Ajustado,Raking ,Raking ajustado,feb_Ventas_24,mar_Ventas_24,abr_Ventas_24,may_Ventas_24,jun_Ventas_24,jul_Ventas_24,ago_Ventas_24,sep_Ventas_24,oct_Ventas_24,nov_Ventas_24,dic_Ventas_24,ene_Ventas_25,feb_Ventas_25,mar_Ventas_25,abr_Ventas_25,may_Ventas_25,jun_Ventas_25,Leads Prom X Mes,T. Ventas Piso ,Factor   ,Total de Ventas Historicas ,RAKING VENTAS,Dependencia de Piso ,Historico de PDM,Historico de SDC,Conversion PDM,Conversion SDC,Factor  PDM,Factor  SDC,Raking PDM,Raking SDC
23.0,0.0,0.0,0.0,0.0,0.0,0.0,0.0,0.0,0.0,0.0,0.0,0.0,0.0,0,23.0,0.0,17,28,0.0,0.0,0.0,0.0,0.0,0.0,0.0,0.0,0.0,0.0,0.0,0.0,0.0,0.0,0.0,0.0,0.0,0,0.0,0.0,1.0,23,0.0,1.0,5,1.0,0.0,1.0,5.0,1,20
1.0,0.0,0.0,0.0,0.0,0.0,0.0,0.0,0.0,1.0,9.0,1.0,12.0,1.1,5,62.0,61.0,8,3,0.0,0.0,0.0,0.0,0.0,0.0,0.0,0.0,0.0,1.0,0.1,0.1,1.0,2.0,1.0,1.0,0.0,10,11.0,0.18,18.0,6,0.61,59.0,40,0.31,0.02,3.28,2.22,7,10
0.0,0.0,1.0,0.0,0.0,0.0,0.0,0.0,0.0,0.0,0.0,0.0,0.0,0.0,0,1.0,0.0,38,28,0.0,0.0,0.0,0.0,0.0,0.0,0.0,0.0,0.0,0.0,0.0,0.0,0.0,0.0,0.0,0.0,0.0,0,0.0,0.0,0.0,0,0.0,1.0,1,0.0,0.0,0.0,0.0,0,0
0.0,0.0,0.0,0.0,0.0,0.0,0.0,1.0,6.0,0.0,0.0,0.0,0.0,1.1,6,33.0,33.0,14,8,0.0,0.0,0.0,0.0,0.0,0.0,0.0,0.0,0.0,0.0,0.0,0.0,0.0,1.0,0.0,0.2,0.0,8,3.0,0.09,8.0,11,0.38,28.0,31,0.29,0.01,3.5,3.88,9,18
0.0,0.0,0.0,2.0,0.0,0.0,2.0,8.0,4.0,0.9,11.0,7.0,1.2,0.0,0,57.0,55.0,9,5,0.0,0.0,0.0,0.0,0.0,0.0,0.0,0.1,0.0,0.1,1.0,0.0,0.2,0.0,0.0,0.0,0.0,7,9.0,0.16,15.0,8,0.6,64.0,30,0.23,0.02,4.27,2.0,13,7
0.0,0.0,0.0,0.0,0.0,0.0,0.0,0.0,1.0,1.0,0.0,1.0,1.0,0.0,0,4.0,4.0,32,17,0.0,0.0,0.0,0.0,0.0,0.0,0.0,0.0,0.0,0.0,0.0,0.0,1.0,0.0,0.0,0.0,0.0,1,1.0,0.25,4.0,17,0.25,21.0,26,0.19,0.01,5.25,6.5,18,23
18.0,0.3,1.7,1.1,11.0,3.0,0.0,0.0,0.0,0.0,0.0,0.0,0.0,0.0,0,103.0,3.0,5,21,0.0,0.0,2.0,0.0,0.0,0.0,0.0,0.0,0.0,0.0,0.0,0.0,0.0,0.0,0.0,0.0,0.0,16,6.0,0.06,0.0,0,0.0,54.0,8,0.0,0.0,0.0,0.0,0,0
0.0,0.0,0.0,0.0,1.0,0.0,0.0,0.0,0.0,0.0,0.0,0.0,0.0,0.0,0,1.0,0.0,38,28,0.0,0.0,0.0,0.0,0.0,0.0,0.0,0.0,0.0,0.0,0.0,0.0,0.0,0.0,0.0,0.0,0.0,1,0.0,0.0,0.0,0,0.0,3.0,5,0.0,0.0,0.0,0.0,0,0
0.0,0.0,0.0,0.0,0.0,0.0,0.0,0.0,0.0,1.0,2.0,0.0,0.0,0.0,0,3.0,3.0,34,21,0.0,0.0,0.0,0.0,0.0,0.0,0.0,0.0,0.0,0.0,0.0,0.0,0.0,0.0,0.0,0.0,0.0,2,0.0,0.0,2.0,19,0.0,25.0,22,0.08,0.0,12.5,11.0,22,26
1.0,0.0,3.0,3.0,2.0,0.0,0.0,0.0,0.0,1.0,0.0,0.0,2.0,1.0,0,13.0,4.0,25,17,0.0,0.0,0.0,0.0,0.0,0.0,0.0,0.0,0.0,1.0,0.0,0.0,1.0,0.0,0.0,0.0,0.0,2,2.0,0.15,21.0,4,0.1,20.0,32,1.05,0.0,0.95,1.52,0,3
1.0,0.0,1.0,0.0,0.0,0.0,0.0,1.0,5.0,0.9,1.4,9.0,6.0,0.0,0,47.0,45.0,11,6,0.0,0.0,0.0,0.0,0.0,0.0,0.0,0.0,0.0,1.0,1.0,1.0,2.0,0.0,0.0,0.0,0.0,8,5.0,0.11,12.0,9,0.42,36.0,25,0.33,0.02,3.0,2.08,6,9
0.0,0.0,10.0,5.0,7.0,0.0,0.0,0.0,0.0,0.0,0.0,0.0,0.0,0.0,0,22.0,0.0,18,28,0.0,0.0,0.0,0.0,0.0,0.0,0.0,0.0,0.0,0.0,0.0,0.0,0.0,0.0,0.0,0.0,0.0,6,0.0,0.0,1.0,23,0.0,19.0,5,0.05,0.0,2.7,5.0,23,20
2.0,2.0,2.0,0.0,0.0,3.0,0.0,0.0,0.0,0.0,0.0,0.0,0.0,0.0,0,9.0,3.0,27,21,0.1,0.0,1.0,0.0,0.0,0.0,0.0,0.0,0.0,0.0,0.0,0.0,0.0,0.0,0.0,0.0,0.0,3,5.0,0.56,0.0,0,0.0,7.0,5,0.0,0.0,0.0,0.0,0,0
0.0,0.0,1.0,2.0,5.0,0.0,0.0,0.0,0.0,0.0,0.0,0.0,0.0,0.0,0,8.0,0.0,28,28,0.0,0.0,0.0,0.0,0.0,0.0,0.0,0.0,0.0,0.0,0.0,0.0,0.0,0.0,0.0,0.0,0.0,4,0.0,0.0,0.0,0,0.0,8.0,7,0.0,0.0,0.0,0.0,0,0
1.0,0.0,1.0,0.0,0.0,1.0,1.0,0.0,0.0,2.0,0.0,0.0,0.0,0.0,0,6.0,4.0,30,17,0.0,0.0,0.0,0.0,0.0,0.0,0.0,0.0,0.0,0.0,0.0,0.0,0.0,0.0,0.0,0.0,0.0,1,0.0,0.0,2.0,19,0.0,25.0,22,0.08,0.0,12.5,11.0,22,26
2.0,1.0,4.0,1.0,0.0,3.0,6.0,1.0,0.0,0.0,0.0,0.0,0.0,0.0,0,18.0,10.0,22,15,0.0,0.0,0.0,0.0,0.0,0.0,0.0,0.0,0.0,0.0,0.0,0.0,0.0,0.0,0.0,0.0,0.0,3,0.0,0.0,11.0,10,0.0,17.0,11,0.65,0.0,1.55,1.0,3,1
0.0,0.0,1.0,1.0,4.0,12.0,0.9,8.0,7.0,1.0,0.0,0.0,0.0,0.0,0,63.0,57.0,7,4,0.0,0.0,1.0,0.0,1.0,2.0,2.0,0.0,1.0,0.0,0.0,0.0,0.0,0.0,0.0,0.0,0.0,9,7.0,0.11,25.0,3,0.28,34.0,61,0.74,0.0,1.36,2.44,2,12
8.8,0.0,0.0,0.0,0.0,0.0,0.0,0.0,0.0,0.0,0.0,0.0,0.0,0.0,0,114.0,0.0,3,28,0.1,0.0,0.0,0.0,0.0,0.0,0.0,0.0,0.0,0.0,0.0,0.0,0.0,0.0,0.0,0.0,0.0,0,2.0,0.02,2.0,19,1.0,18.0,6,0.11,0.17,9.0,3.0,20,15
0.0,0.0,0.0,0.0,0.0,8.0,0.0,0.0,0.0,0.0,0.0,0.0,0.0,0.0,0,8.0,8.0,28,16,0.0,0.0,0.0,0.0,0.0,1.0,0.0,0.0,0.0,0.0,0.0,0.0,0.0,0.0,0.0,0.0,0.0,8,1.0,0.13,1.0,23,1.0,5.0,2,0.2,0.0,5.0,2.0,17,7
0.0,0.0,0.0,0.0,0.0,0.0,0.0,0.0,0.0,0.0,0.0,0.0,0.0,0.0,2,2.0,2.0,36,25,0.0,0.0,0.0,0.0,0.0,0.0,0.0,0.0,0.0,0.0,0.0,0.0,0.0,0.0,0.0,0.0,0.0,2,0.0,0.0,0.0,0,0.0,4.0,8,0.0,0.0,0.0,0.0,0,0
2.0,0.0,0.0,0.0,0.0,0.0,0.0,0.0,0.0,0.0,0.0,0.0,0.0,0.0,0,2.0,0.0,36,28,0.1,0.0,0.0,0.0,0.0,0.0,0.0,0.0,0.0,0.0,0.0,0.0,0.0,0.0,0.0,0.0,0.0,0,2.0,0.1,3.0,18,0.67,1.0,5,0.2,0.13,0.33,1.67,0,4
67.0,1.0,0.0,0.0,0.0,0.0,0.0,0.0,0.0,0.0,0.0,0.0,0.0,0.0,0,68.0,0.0,6,28,0.0,0.0,0.0,0.0,0.0,0.0,0.0,0.0,0.0,0.0,0.0,0.0,0.0,0.0,0.0,0.0,0.0,0,0.0,0.0,0.0,0,0.0,0.0,7,0.0,0.0,0.0,0.0,0,0
0.0,0.0,0.0,2.0,5.0,17.0,5.0,9.0,0.0,9.0,4.0,0.0,0.0,0.0,0,51.0,44.0,10,7,0.0,0.0,0.0,0.0,0.0,0.0,2.0,1.0,0.0,0.1,0.0,0.0,0.0,0.0,0.0,0.0,0.0,7,6.0,0.12,16.0,7,0.38,48.0,49,0.33,0.01,3.0,3.06,6,16
0.0,0.0,0.0,0.0,0.0,0.0,1.0,0.0,0.0,1.0,0.0,0.0,0.0,0.0,2,4.0,4.0,32,17,0.0,0.0,0.0,0.0,0.0,0.0,0.0,0.0,0.0,0.0,0.0,0.0,0.0,0.0,0.0,0.0,0.0,1,0.0,0.0,0.0,0,0.0,3.0,2,0.0,0.0,0.0,0.0,0,0
10.0,1.0,1.0,0.0,0.0,0.0,0.0,0.0,0.0,0.0,0.0,0.0,0.0,0.0,0,12.0,0.0,26,28,0.0,0.0,0.0,0.0,0.0,0.0,0.0,0.0,0.0,0.0,0.0,0.0,0.0,0.0,0.0,0.0,0.0,0,0.0,0.0,0.0,0,0.0,4.0,3,0.0,0.0,0.0,0.0,0,0
6.0,0.0,12.0,0.0,0.0,2.0,0.0,0.0,0.0,0.0,0.0,0.0,0.0,0.0,0,20.0,2.0,20,25,0.0,0.0,0.0,0.0,0.0,0.0,0.0,0.0,0.0,0.0,0.0,0.0,0.0,0.0,0.0,0.0,0.0,2,0.0,0.0,0.0,0,0.0,3.0,5,0.0,0.0,0.0,0.0,0,0
42.0,1.0,1.0,0.0,0.0,0.0,0.0,0.0,0.0,0.0,0.0,0.0,0.0,0.0,0,44.0,0.0,12,28,1.0,0.0,0.0,0.0,0.0,0.0,0.0,0.0,0.0,0.0,0.0,0.0,0.0,0.0,0.0,0.0,0.0,0,1.0,0.02,2.0,19,0.5,9.0,4,0.22,0.13,4.5,2.0,14,7
0.0,0.0,0.0,0.0,0.0,0.0,0.0,0.0,0.0,1.0,10.0,1.0,0.0,0.0,0,28.0,28.0,15,9,0.0,0.0,0.0,0.0,0.0,0.0,0.0,0.0,0.0,0.0,0.1,1.0,0.0,0.0,0.0,0.0,0.0,9,3.0,0.11,7.0,13,0.43,35.0,24,0.2,0.02,5.0,3.43,17,17
0.0,0.0,0.0,0.0,0.0,0.0,0.0,0.0,0.0,0.0,0.0,1.0,6.0,9.0,6,22.0,22.0,18,10,0.0,0.0,0.0,0.0,0.0,0.0,0.0,0.0,0.0,0.0,0.0,0.0,1.0,1.0,0.1,2.0,1.0,6,4.0,0.18,8.0,11,0.5,29.0,42,0.28,0.01,3.63,5.25,10,21
37.0,0.0,4.0,1.1,1.1,1.8,0.9,1.1,0.8,6.0,9.0,6.0,1.0,0.0,0,31.1,14.2,1,1,1.0,0.0,0.0,0.0,0.0,0.1,0.1,1.0,0.0,2.0,1.0,1.0,0.0,0.0,0.0,0.0,0.0,17,2.3,0.09,28.0,2,0.64,19.4,66,0.24,0.01,4.18,2.36,12,11
0.0,0.0,0.0,0.0,0.0,2.0,7.0,5.0,2.0,0.0,0.0,0.0,0.0,0.0,0,16.0,16.0,23,13,0.0,0.0,0.0,0.0,0.0,0.0,0.0,1.0,0.0,0.0,0.0,0.0,0.0,0.0,0.0,0.0,0.0,4,1.0,0.06,0.0,0,0.0,22.0,9,0.0,0.0,0.0,0.0,0,0
1.0,0.0,0.0,0.0,0.0,0.0,0.0,2.0,5.0,2.0,0.0,0.0,0.0,7.0,2,19.0,18.0,21,11,0.0,0.0,0.0,0.0,0.0,0.0,0.0,0.0,0.0,0.0,0.0,0.0,0.0,0.0,0.0,0.0,0.0,4,0.0,0.0,6.0,14,0.0,48.0,55,0.13,0.0,8.0,9.17,19,24
41.0,1.0,0.0,0.0,0.0,0.0,0.0,0.0,0.0,0.0,0.0,0.0,0.0,0.0,0,42.0,0.0,13,28,0.0,0.0,0.0,0.0,0.0,0.0,0.0,0.0,0.0,0.0,0.0,0.0,0.0,0.0,0.0,0.0,0.0,0,0.0,0.0,1.0,23,0.0,4.0,3,0.25,0.0,4.0,3.0,11,15
0.0,0.0,0.0,0.0,0.0,0.0,1.0,0.0,0.0,3.0,2.0,1.0,7.0,0.0,0,14.0,14.0,24,14,0.0,0.0,0.0,0.0,0.0,0.0,0.0,0.0,0.0,0.0,0.0,0.0,0.0,0.0,0.0,0.0,0.0,3,0.0,0.0,6.0,14,0.0,29.0,36,0.21,0.0,4.83,6.0,15,22
1.0,0.0,4.0,0.0,0.0,0.0,0.0,0.0,0.0,0.0,0.0,0.0,0.0,0.0,0,5.0,0.0,31,28,1.0,0.0,0.1,0.0,0.0,0.0,0.0,0.0,0.0,0.0,0.0,0.0,0.0,0.0,0.0,0.0,0.0,0,5.0,0.1,6.0,14,0.83,5.0,9,1.2,0.09,0.83,1.5,0,2
83.0,0.3,11.0,6.0,0.0,0.0,0.0,0.0,0.0,0.0,0.0,0.0,0.0,0.0,0,107.0,0.0,4,28,0.0,0.0,0.0,0.0,0.0,0.0,0.0,0.0,0.0,0.0,0.0,0.0,0.0,0.0,0.0,0.0,0.0,6,0.0,0.0,0.0,0,0.0,1.0,6,0.0,0.0,0.0,0.0,0,0
2.0,0.0,11.0,17.0,7.0,19.0,11.0,5.0,2.0,4.0,6.0,13.0,12.0,13.0,6,128.0,91.0,2,2,0.0,0.0,1.0,0.0,0.0,1.0,1.0,1.0,0.0,0.0,1.0,0.1,0.2,2.0,1.0,2.0,0.0,10,14.0,0.11,5.8,1,0.39,19.4,75,0.29,0.01,3.42,2.08,8,9
0.0,0.0,0.0,0.0,0.0,0.0,0.0,0.0,0.0,0.0,0.0,0.0,0.0,0.0,3,3.0,3.0,34,21,0.0,0.0,0.0,0.0,0.0,0.0,0.0,0.0,0.0,0.0,0.0,0.0,0.0,0.0,0.0,1.0,0.0,3,0.0,0.0,0.0,0,0.0,3.0,2,0.0,0.0,0.0,0.0,0,0
0.0,0.0,0.0,0.0,0.0,0.0,0.0,1.0,0.0,0.0,0.0,0.0,0.0,0.0,0,1.0,1.0,38,27,0.0,0.0,0.0,0.0,0.0,0.0,0.0,0.0,0.0,0.0,0.0,0.0,0.0,0.0,0.0,0.0,0.0,1,0.0,0.0,0.0,0,0.0,0.0,0,0.0,0.0,0.0,0.0,0,0
4.0,3.0,0.0,1.0,2.0,0.0,0.0,2.0,0.0,0.0,0.0,1.0,1.0,11.0,3,28.0,18.0,15,11,0.0,0.0,0.0,0.0,0.0,0.0,0.0,0.0,0.0,0.0,0.0,0.0,0.0,0.2,0.0,0.2,0.0,3,3.0,0.11,21.0,4,0.14,46.0,57,0.46,0.0,2.19,2.71,4,13
